sno,description,title,author,publishedAt,source,desc_subjectivity,desc_polarity,titl_subjectivity,titl_polarity
1,"CNN's Gloria Borger reports former Trump attorney, Jay Goldberg, called the President to warn him that Michael Cohen could turn on him.",Former Trump attorney warns Trump about Cohen,,2018-04-19T00:50:09Z,1,0,0,0,0
2,Fox News Panama Trump hotel owner trying to evict Trump Organization officials Fox News The Trump Organization is battling eviction from the majority owner of the Trump Hotel in Panama. (AP). One of President Donald Trump's family businesses is battling an ef…,Panama Trump hotel owner trying to evict Trump Organization officials - Fox News,Associated Press,2018-02-26T20:06:14Z,2,0,0,0,0
3,Trump accuser Rachel Crooks responds after President Donald Trump directs a tweet at her.,Accuser fires back: He should be afraid,,2018-02-21T03:30:49Z,1,0,0,0.45,-0.3
4,"President Trump listened to students, teachers and parents on gun reforms and school security; Eric Trump discusses his father's actions and Donald Trump Jr.'s business in India on 'The Ingraham Angle.'","Eric Trump on addressing gun violence, business in India",,2018-02-23T03:27:17Z,2,0,0,0,0
5,"Fox News Michael Moore participated in anti-Trump rally allegedly organized by Russians Fox News ""Michelle Malkin Investigates"" host Michelle Malkin on filmmaker Michael Moore's participation in a Russia sponsored anti-Trump rally and the Russian indictments.…",Michael Moore participated in anti-Trump rally allegedly organized by Russians - Fox News,Gregg Re,2018-02-20T06:21:30Z,2,0.05,-0.05,0.1,-0.1
6,President Trump weighs in on allegations that the FBI used the dubious anti-Trump dossier to get permission from the FISA court to eavesdrop on Trump campaign and transition team communications.,Trump reacts to contents of Nunes memo: It's a disgrace,,2018-02-02T20:38:05Z,2,0,0,0,0
7,"Fox News Rosie O'Donnell selling anti-Trump T-shirt that calls president 'rapist' 'racist' 'liar' Fox News Comedian Rosie O'Donnell put her dislike for President Trump on t-shirts. They apparel is selling on Etsy, with proceeds going to ""anti-Trump candidates…",Rosie O'Donnell selling anti-Trump T-shirt that calls president 'rapist' 'racist' 'liar' - Fox News,Sasha Savitsky,2018-02-23T14:03:20Z,2,0,0,0,0
8,Rachel Crooks alleges the incident occurred in 2006; President Trump takes to Twitter to slam the accusation on as 'fake news.',President Trump denies forcibly kissing woman in Trump Tower,,2018-02-20T21:00:44Z,2,1,-0.5,1,0.5
9,"On 'Fox &amp; Friends,' President Trump's son reflects on his father's CPAC speech, vow to make changes to prevent mass shootings and the Democratic FISA memo.","Eric Trump: Everything Trump said he would do, he's done",,2018-02-26T13:06:35Z,2,0,0,0,0
10,"CNN Ivanka Trump, US charmer-in-chief, touches down in South Korea CNN (CNN) Ivanka Trump, eldest daughter of US President Donald Trump, arrived in South Korea Friday as part of a charm offensive in the closing days of the 2018 Winter Olympics. While Trump to…","Ivanka Trump, US charmer-in-chief, touches down in South Korea - CNN","Ben Westcott, CNN",2018-02-23T09:13:42Z,1,0.2888888889,-0.1555555556,0.2888888889,-0.1555555556
11,"Fox News FOX NEWS FIRST: Trump supports changes to gun background checks, urges 'insecure' Oprah to run in 2020 Fox News FIRESTORM OVER TRUMP TWEETSTORM: As criticism is mounting against the FBI for failing to act on multiple warnings about Nikolas Cruz. Pres…","FOX NEWS FIRST: Trump supports changes to gun background checks, urges 'insecure' Oprah to run in 2020 - Fox News",Fox News,2018-02-19T10:03:30Z,2,0.4027777778,-0.0833333333,0.6041666667,-0.125
12,Trump says indictment of 13 Russian nationals shows Trump campaign did nothing wrong; reaction and analysis on 'The Five.',President Trump reacts to indictments: no collusion,,2018-02-16T22:26:58Z,2,0.45,-0.25,0,0
13,Fox News Ivanka Trump scolds NBC News for 'inappropriate' question about her father's sex misconduct accusers Fox News NBC and MSNBC reporter Peter Alexander asked Ivanka Trump about sexual misconduct accusations that her father has repeatedly denied. First d…,Ivanka Trump scolds NBC News for 'inappropriate' question about her father's sex misconduct accusers - Fox News,Brian Flood,2018-02-26T17:06:11Z,2,0.5833333333,0.375,0,0
14,"Fox News Trump to announce 'massive' sanctions against North Korea, at CPAC Fox News President Trump to unveil a 'massive package of sanctions' against North Korea. The president is also calling for tougher school security. President Trump plans to unveil a “…","Trump to announce 'massive' sanctions against North Korea, at CPAC - Fox News",Fox News,2018-02-23T14:26:54Z,2,1,0,1,0
15,"Fox News Trump at CPAC: 2nd Amendment, tax cuts at risk if Dems take power Fox News President Donald Trump comments on the 2018 midterm elections while addressing the Conservative Political Action Conference. NATIONAL HARBOR, Md. – President Trump, in a fiery…","Trump at CPAC: 2nd Amendment, tax cuts at risk if Dems take power - Fox News",Alex Pappas,2018-02-23T16:49:22Z,2,0.0666666667,0.0333333333,0,0
16,Fox News Ivanka Trump scolds NBC News for 'inappropriate' question about her father's sex misconduct accusers Fox News NBC and MSNBC reporter Peter Alexander asked Ivanka Trump about sexual misconduct accusations that her father has repeatedly denied. First d…,Ivanka Trump scolds NBC News for 'inappropriate' question about her father's sex misconduct accusers - Fox News,Brian Flood,2018-02-26T16:50:59Z,2,0.5833333333,0.375,0,0
17,Former Trump campaign manager and author of 'Let Trump Be Trump' tells 'The Story' that President Trump's personal attorney is a problem-solver.,Lewandowski on Michael Cohen's role with Trump organization,,2018-04-16T23:18:11Z,2,0.15,0,0,0
18,"CNN's Don Lemon says President Trump wants to replace the staffers that he chose with peoples that won't restrain him and ""let Trump be Trump.""",Don Lemon: Voters sent a strong message to Trump,,2018-03-15T03:15:09Z,1,0.1,0.2,0.7333333333,0.4333333333
19,"Donald Trump Jr. and Eric Trump have jetted to Dubai to attend a wedding for an Arab business magnate and business partner for the Trump Organization, according to two sources familiar with their travel plans. Lara Trump, a senior adviser to the Trump campaig…",Eldest Trump sons jet to Dubai for lavish wedding,"Elizabeth Landers, CNN",2018-04-05T21:50:33Z,1,0.5,0.375,0,0
20,"Trump zings Oprah, Oprah fans zing back. CNN's Jeanne Moos reports on who is more ""insecure.""",Trump vs. Oprah,,2018-02-20T01:16:57Z,1,0.4583333333,0,0,0
21,"President Donald Trump went from hosting an emotional discussion with school shooting victims one day, Jen Psaki says, to refusing to challenge the NRA and Wayne LaPierre at CPAC the next.",Trump is NRA apprentice,Jen Psaki,2018-02-24T17:21:19Z,1,0.325,0,0,0
22,"Fox News Suspect in 'white powder' letter to Trump Jr. donated to Dems, posted anti-Trump rants on Facebook Fox News Donald Trump Jr.'s wife Vanessa Trump was hospitalized in New York City after opening a letter containing a suspicious white substance that wa…","Suspect in 'white powder' letter to Trump Jr. donated to Dems, posted anti-Trump rants on Facebook - Fox News",Lukas Mikelionis,2018-03-02T09:48:42Z,2,0.1515151515,0.0454545455,0,0
23,"Football's debate on race and patriotism in America was intensified and elevated by President Donald Trump's unrelenting war with the NFL, which sparked unprecedented protests on and off the field.",Donald Trump vs. football,"Deena Zaru, CNN",2018-02-03T13:06:37Z,1,0.9,0.6,0,0
24,Story says they oppose Mueller interview.,Leak by Trump lawyers?,,2018-02-12T08:58:09Z,2,0,0,0,0
25,"Amid widespread uncertainty over what Washington will do about guns in the wake of the Parkland, Florida, school shooting that left 17 people dead, Donald Trump grabbed the presidential mantle with a series of tweets on ... Russia.",Trump tweets reveal obsession,"Analysis by Chris Cillizza, CNN Editor-at-large",2018-02-27T14:36:02Z,1,0.2,-0.1,0,0
26,"Legendary music producer Quincy Jones accused President Donald Trump and ""uneducated rednecks"" of stoking racial tensions in America, while also claiming that he once dated Ivanka Trump.",Quincy Jones blasts 'crazy' Trump,"Deena Zaru, CNN",2018-02-07T21:14:21Z,1,1,1,0.9,-0.6
27,President Trump said the recently released memo alleging intelligence abuse during the FBI investigation into the 2016 Trump campaign “totally vindicates” him.,"Trump: Declassified memo 'vindicates' him, shows Russia investigation a 'witch hunt'",Joseph Weber,2018-02-03T16:14:15Z,2,0.5,0,0,0
28,Donald Trump Jr.'s wife Vanessa Trump was hospitalized in New York City after opening a letter containing a suspicious white substance that was later deemed 'non-hazardous.',Powder sent to Donald Trump Jr.'s home deemed non-hazardous,,2018-02-12T23:19:10Z,2,0.1515151515,0.0454545455,0,0
29,"Donald Trump Jr.’s wife, Vanessa Trump, was hospitalized Monday after receiving a letter containing white powder, New York City police told Fox News.",Donald Trump Jr.'s wife hospitalized after opening envelope with white powder,Katherine Lam,2018-02-12T18:19:48Z,2,0.2272727273,0.0681818182,0,0
30,Trump delivered energized CPAC speech; 'Justice' host Jeanine Pirro reacts to the president's remarks and discusses latest reports about anti-Trump dossier on 'Hannity.',Jeanine Pirro: Trump is delivering on his promises,,2018-02-24T02:59:39Z,2,0.9,0.5,0,0
31,"Donald Trump has spent most of his adult life telling himself a story about a brave, ruthless and fearsome man named ""Donald Trump.""",The Point: Donald Trump has a MAJOR Walter Mitty complex,"Analysis by Chris Cillizza, CNN Editor-at-large",2018-02-26T21:55:42Z,1,0.58,0.06,0.45,-0.11875
32,"Fox News Trump on preventing mass shootings: 'we're going to get it done' Fox News Students, teachers and officials speak about gun violence with President Trump after school shooting in Parkland, Florida. President Trump said Wednesday the administration is …",Trump on preventing mass shootings: 'we're going to get it done' - Fox News,Brooke Singman,2018-02-21T22:26:34Z,2,0,0,0,0
33,Harvey Weinstein and President Trump Pulitzer Prizes: Will #MeToo and Trump exclusives triumph?,Pulitzer Prizes: Will #MeToo and Trump exclusives triumph?,Brian Stelter,2018-04-16T15:17:22Z,1,0,0,0,0
34,"Read CNN's Fast Facts on Melania Trump, wife of US President Donald Trump.",Melania Trump Fast Facts,CNN Library,2018-04-08T23:26:44Z,1,0.6,0.2,0.6,0.2
35,"Fox News Trump Jr. steals spotlight from Canada's Trudeau as India visits coincide Fox News Donald Trump Jr. is seen in New Delhi, India, during his business trip this week. The eldest son of President Donald Trump is looking to sell luxury apartments. (Assoc…",Trump Jr. steals spotlight from Canada's Trudeau as India visits coincide - Fox News,Lukas Mikelionis,2018-02-21T06:26:42Z,2,0.4545454545,0.1363636364,0,0
36,Former Trump campaign manager says the idea that there was collusion between the Trump campaign and Russia is 'an absolute fallacy.',Lewandowski: Russian indictments a 'positive step' for Trump,,2018-02-19T18:37:37Z,2,0.45,0.1,0.2727272727,0.1136363636
37,President Donald Trump and first lady Melania Trump are set to host a reception at the White House on Tuesday honoring Black History Month.,White House hosts Black History Month event,"Jeremy Diamond, CNN",2018-02-13T21:59:52Z,1,0.2555555556,0.0277777778,0.2166666667,-0.0833333333
38,Trump used notecard during listening session with victims of gun violence; Media Research Center President Brent Bozell reacts to media criticisms of Trump.,Trump's 'I hear you' notecard criticized by media,,2018-02-22T22:09:02Z,2,0.1,-0.1,0,0
39,Trump met with Democrats and Republicans about solutions for preventing mass shootings; Senator Joe Manchin says on 'Your World' that Trump supports common sense back ground check changes.,Manchin talks Trump's bipartisan meeting on gun control,,2018-02-28T22:09:53Z,2,0.25,-0.15,0,0
40,"Hope Hicks, White House communications director and longtime aide to Trump, is resigning from her post; former Trump deputy campaign manager David Bossie reacts on 'The Story.'",David Bossie reacts to Hope Hicks' resignation,,2018-03-01T00:19:01Z,2,0,0,0,0
41,"As President, Donald Trump is quick to tout record highs in stocks. But as a candidate, Trump repeatedly warned of an inflated market ""bubble.""",Trump's shifting views on stock market highs,,2018-02-05T21:11:10Z,1,0.5,0.3333333333,0,0
42,"The majority owner of a Trump-branded hotel in Panama alleges the Trump Organization misled the property's staff, according to a letter obtained by CNN.",Fight heats up between Trump Organization and hotel owner in Panama over management,"Cristina Alesci, CNN",2018-02-26T01:51:46Z,1,0,0,0,0
43,"In an interview with NBC News, Ivanka Trump says that she believes her father when asked about the women who have accused Donald Trump of sexual misconduct.",Ivanka: 'I believe my father' over accusers,,2018-02-26T15:29:10Z,1,0.8333333333,0.5,0,0
44,President Trump's daughter-in-law will serve as senior adviser to Donald J. Trump for President; Lara Trump discusses her father-in-law's accomplishments in the White House.,Lara Trump on the president's re-election bid,,2018-02-28T03:07:19Z,2,0,0,0,0
45,"Fox News Trump: Without ICE, California would be 'crime nest' Fox News President Donald Trump criticized California's immigration policies during a White House meeting Thursday. (Associated Press). President Trump on Thursday threatened to pull U.S. Immigrati…","Trump: Without ICE, California would be 'crime nest' - Fox News",Bradford Betz,2018-02-23T06:46:31Z,2,0,0,0,0
46,"Fox News Trump motorcade driver detained by Secret Service after gun discovered Fox News President Donald Trump is surrounded by Secret Service in this file photo from Taormina, Sicily, Italy, on May 26, 2017. (REUTERS/Jonathan Ernst). The Secret Service said…",Trump motorcade driver detained by Secret Service after gun discovered - Fox News,Alex Pappas,2018-02-19T18:06:40Z,2,0.7,-0.4,0.7,-0.4
47,CBS News Trump: Dems 'knew' their Russia probe memo was too sensitive for public release Fox News President Trump on Saturday defended his decision to send the Democrats' memo on the Russia probe back for edits -- accusing them of playing politics for submitt…,Trump: Dems 'knew' their Russia probe memo was too sensitive for public release - Fox News,Joseph Weber,2018-02-10T15:20:26Z,2,0.3222222222,0.0333333333,0.4833333333,0.05
48,Former Trump campaign adviser says President Trump needs a fighter in his new National Security Adviser.,Michael Pillsbury: Bolton is quite the insider,,2018-03-23T10:55:17Z,2,0.2272727273,0.0681818182,0,0
49,Fox News Did Carter Page contacts give Obama FBI window into Trump team world? Fox News Former Trump adviser Carter Page says he communicated with members of the Trump campaign after the FBI began spying on him. (Reuters). Former Trump adviser Carter Page ack…,Did Carter Page contacts give Obama FBI window into Trump team world? - Fox News,Alex Pappas,2018-02-13T17:00:19Z,2,0,0,0,0
50,"Fox News FOX NEWS FIRST: Trump takes stock of gun regulations; CPAC 2018 kicks off Wednesday Fox News President Trump urges ban on gun modifiers such as 'bump stocks' in response to last week's school massacre in Parkland, Fla. Democrats are taking heat from …",FOX NEWS FIRST: Trump takes stock of gun regulations; CPAC 2018 kicks off Wednesday - Fox News,Fox News,2018-02-21T09:45:35Z,2,0.3,0.0833333333,0.3333333333,0.25
51,"NBCNews.com Trump wants $1.5T infrastructure spending boost, cuts to red tape Fox News President Trump is calling for Congress to pass a new infrastructure plan in 2018. Here is what we know so far about the Trump administration's potential plan to fix Americ…","Trump wants $1.5T infrastructure spending boost, cuts to red tape - Fox News",Samuel Chamberlain,2018-02-11T22:05:17Z,2,0.5109090909,0.0872727273,0.05,0.1
52,"CNN Trump says military parade would be great for country's spirit CNN Washington (CNN) President Donald Trump says a military parade in Washington could take place on Veterans Day or the Fourth of July, adding that it would be ""something great for the spirit…",Trump says military parade would be great for country's spirit - CNN,"Maegan Vazquez, CNN",2018-02-25T14:49:00Z,1,0.3095238095,0.1285714286,0.3611111111,0.15
53,Fox News Trump endorses recent GOP foe Mitt Romney for Utah Senate Fox News Republican candidate for U.S. Senate and former GOP president nominee was keynote speaker at Lincoln Day Dinner; senior correspondent Adam Housley reports from Los Angeles. President …,Trump endorses recent GOP foe Mitt Romney for Utah Senate - Fox News,Samuel Chamberlain,2018-02-20T03:08:52Z,2,0.125,0,0.25,0
54,Fox News Omarosa asked on 'Celebrity Big Brother' if she had sex with Trump Fox News 'The Greg Gutfeld Show' panel reacts to the former White House aide's comments on the premiere of 'Celebrity Big Brother.' Former aide to President Trump Omarosa Manigault Ne…,Omarosa asked on 'Celebrity Big Brother' if she had sex with Trump - Fox News,Kathleen Joyce,2018-02-17T16:42:31Z,2,0.04,0,0.1,0
55,Fox News Hillary Clinton accuses Trump of 'surrender' over Russian election interference Fox News Which Democrats could challenge President Trump? Editor-at-large for Ballotpedia Scott Rasmussen shares his perspective on 'Fox & Friends First.' Hillary Clinton…,Hillary Clinton accuses Trump of 'surrender' over Russian election interference - Fox News,Alex Pappas,2018-02-28T17:08:44Z,2,0.1666666667,0.125,0,0
56,"Candidate Donald Trump, his son Donald Trump Jr. and others in the Trump Organization received an email in September 2016 offering a decryption key and website address for hacked WikiLeaks documents, according to an email provided to congressional investigato…",Email to Trump Jr. offered WikiLeaks documents,,2018-04-07T22:27:46Z,1,1,0,0,0
57,"The Democratic National Committee is suing the Trump campaign, several top advisers who attended the now-infamous June 2016 meeting in Trump Tower, Russia, WikiLeaks founder Julian Assange, longtime Trump confidant Roger Stone, former Trump campaign chairman …","Democrats file suit alleging Russia, Trump, WikiLeaks conspired to interfere in 2016 campaign","Katelyn Polantz, CNN",2018-04-20T15:46:16Z,1,0.1666666667,0.1666666667,0,0
58,"CNN Macron to put 'bromance' with Trump to the test during US visit CNN Paris (CNN) It was last July that US President Donald Trump laid bare the depth of his feelings for his French counterpart Emmanuel Macron. For Trump, it was not the romantic dinner at th…",Macron to put 'bromance' with Trump to the test during US visit - CNN,"Melissa Bell and James Masters, CNN",2018-04-23T06:56:33Z,1,0.1666666667,0.0125,0,0
59,"President Donald Trump will hire an attorney to join his personal legal team who has alleged the President is being framed by a group of FBI and Justice Department officials, two sources familiar with the matter told CNN.",Trump to hire lawyer who pushed theory DOJ framed Trump,"Gloria Borger and Jeremy Diamond, CNN",2018-03-19T17:44:50Z,1,0.275,0.11875,0,0
60,"Donald Trump Jr. and his wife Vanessa Trump are separating, they announced in a joint statement Thursday.",Donald Trump Jr. and Vanessa Trump are separating,Sophie Tatum,2018-03-15T23:34:35Z,1,0,0,0,0
61,"Earlier this month, President Donald Trump made a bold declaration: ""Probably nobody's been tougher on Russia than Donald Trump.""",Donald Trump's claim to be the toughest president ever on Russia just collapsed,"Analysis by Chris Cillizza, CNN Editor-at-large",2018-04-17T14:56:08Z,1,0.5833333333,0.1666666667,0,0
62,President Trump and first lady Melania Trump attend the State Dinner Reception with French President Emmanuel Macron and Brigitte Macron.,"Presidents Trump, Macron exchange toasts at state dinner",,2018-04-25T01:22:00Z,2,0.1666666667,0.125,0,0
63,Former Trump campaign aide Sam Nunberg told CNN's Jake Tapper that he has no doubt President Trump knew about the meeting with the Russians in Trump tower in 2016.,Nunberg: I think Mueller 'has something' on Trump,,2018-03-05T23:09:16Z,1,0,0,0,0
64,"Fox News Trump met with Clinton's impeachment lawyer to assist in Russia probe: report Fox News President Donald Trump reportedly met last week with Emmet Flood, a lawyer who represented President Bill Clinton during his impeachment proceedings. ((.)) Preside…",Trump met with Clinton's impeachment lawyer to assist in Russia probe: report - Fox News,Amy Lieu,2018-03-11T06:45:01Z,2,0.0666666667,0,0,0
65,"Fox News Trump fires back after Alec Baldwin 'agony' remark Fox News The agony and the agony: President Trump is not a fan of Alec Baldwin's ""Saturday Night Live"" portrayal of him. Anyone wondering what President Donald Trump thinks of Alex Baldwin's impressi…",Trump fires back after Alec Baldwin 'agony' remark - Fox News,Fox News,2018-03-02T11:41:27Z,2,0.25,0.0681818182,0,0
66,"Fox News Florida businessman failed to pay for portraits of Trump and first lady, charity alleges Fox News A Florida businessman is being sued after he failed to pay for paintings of President Trump and first lady Melania Trump. (AP). A charity sued a wealthy…","Florida businessman failed to pay for portraits of Trump and first lady, charity alleges - Fox News",Kathleen Joyce,2018-03-22T15:25:10Z,2,0.3166666667,-0.125,0.3166666667,-0.125
67,"In an exclusive interview with Fox's Catherine Herridge via Skype, Russian lawyer Natalia Veselnitskaya shares new details about her brief June 2016 Trump Tower meeting with the president's son Donald Trump, Jr. and others. Find out why she was in New York Ci…",Russian lawyer at Trump Tower meeting speaks to Fox News,,2018-02-02T17:18:06Z,2,0.3106060606,0.0681818182,0,0
68,"Fox News Trump, Putin talk Palestinian peace efforts, North Korea's nukes Fox News Judge Andrew Napolitano sits down with former State Department deputy spokesperson Marie Harf. They discuss President Trump's relationship with Russian President Vladimir Putin…","Trump, Putin talk Palestinian peace efforts, North Korea's nukes - Fox News",Matt Richardson,2018-02-12T23:51:54Z,2,0.0962962963,-0.0518518519,0,0
69,"Fox News Trump Jr., in India, brushes off 'nonsense' accusations about family's business Fox News Donald Trump Jr. arrives for a meeting with journalists in Kolkata, India, Feb. 21, 2018. (Associated Press). Donald Trump Jr., visiting India this week, pushed …","Trump Jr., in India, brushes off 'nonsense' accusations about family's business - Fox News",Lukas Mikelionis,2018-02-22T08:35:40Z,2,0,0,0,0
70,Fox News Liz Peek: Struggling Dems need their own Donald Trump Fox News President Trump slams Democrats for not cheering positive economic news at the State of the Union: 'Can we call that treason? Why not?' Hatred of President Trump is driving our country cr…,Liz Peek: Struggling Dems need their own Donald Trump - Fox News,Liz Peek,2018-02-14T09:01:16Z,2,0.5818181818,0.3424242424,1,0.6
71,Fox News FOX NEWS FIRST: School shooting survivor refuses to stick to CNN 'script'; Trump to speak at CPAC Fox News... Russia Special Counsel Robert Mueller indicts former Trump campaign manager Paul Manafort and aide Rick Gates on tax and bank fraud charges;…,FOX NEWS FIRST: School shooting survivor refuses to stick to CNN 'script'; Trump to speak at CPAC - Fox News,Fox News,2018-02-23T09:46:56Z,2,0.3015873016,0.2023809524,0.3333333333,0.25
72,"Fox News Trump faces rumblings of GOP primary challenge, as he rolls out 2020 team Fox News Citizens United President David Bossie on President Trump announcing plans to run for reelection in 2020. As President Trump gets a jump on 2020 by rolling out his han…","Trump faces rumblings of GOP primary challenge, as he rolls out 2020 team - Fox News",Joseph Weber,2018-02-28T18:21:53Z,2,0.5,0.4,0.5,0.4
73,"Fox News Melania Trump entered US with 'Einstein' visa for those with 'extraordinary ability': report Fox News U.S. first lady Melania Trump arrives to host a luncheon with governors' spouses at the White House in Washington, U.S., Feb. 26, 2018. (Reuters). F…",Melania Trump entered US with 'Einstein' visa for those with 'extraordinary ability': report - Fox News,Amy Lieu,2018-03-02T12:21:35Z,2,0.4444444444,0.1944444444,1,0.3333333333
74,Fox News Trump calls Amazon's deal with Postal Service a 'scam' costing 'billions' Fox News Trump accuses Amazon of a 'Post Office scam' on Twitter; Washington Examiner reporter Steven Nelson provides insight on Trump's Amazon attacks and White House staff sh…,Trump calls Amazon's deal with Postal Service a 'scam' costing 'billions' - Fox News,Joseph Weber,2018-03-31T17:49:27Z,2,0,0,0,0
75,"With criticism from Republicans and Democrats, should Trump reconsider? Former Trump campaign spokesperson Katrina Pierson debates Progressive commentator David Burstein.",Is President Trump's tariff the right move for America?,,2018-03-06T11:20:11Z,2,0,0,0.5357142857,0.2857142857
76,Trump Advisory Board member Paris Dennard and Republican strategist Rick Wilson clash while discussing Stormy Daniels and President Trump.,Panelists erupt over Trump-Stormy Daniels saga,,2018-03-16T22:46:54Z,1,0,0,0,0
77,Trump signs spending bill.,Coming up on 'Fox News Sunday': February 11,,2018-02-10T16:43:05Z,2,0,0,0,0
78,Former Vice President Biden and President Trump exchange insults amid speculation Biden could challenge Trump in 2020.,Gutfeld on Biden's tough words for Trump,,2018-03-22T21:21:12Z,2,0,0,0.8333333333,-0.3888888889
79,"CNN 9 big questions for President Trump today CNN (CNN) President Donald Trump will take a handful of questions alongside Swedish Prime Minister Stefan Löfven Tuesday afternoon at the White House, the first chance for the media to ask Trump about Sam Nunberg,…",9 big questions for President Trump today - CNN,"Analysis by Chris Cillizza, CNN Editor-at-large",2018-03-06T19:27:00Z,1,0.1444444444,0.0833333333,0.1,0
80,Trump supporter Paris Dennard and Trump critic Tara Setmayer debate Trump's behavior at a Pennsylvania campaign rally for Rick Saccone.,Heated panel debates Trump's behavior at rally,,2018-03-11T20:17:13Z,1,0,0,0,0
81,"Karen McDougal tells CNN's Anderson Cooper that Donald Trump said she was beautiful like his daughter, Ivanka Trump.",McDougal says Trump compared her to Ivanka,,2018-03-23T00:52:39Z,1,1,0.85,0,0
82,President Trump addresses tax reform.,Trump: Massive tax cuts at center of America's resurgence,,2018-02-05T19:48:48Z,2,0,0,0.55,-0.05
83,"Fox News Letter with white powder for Trump Jr. calls him 'awful,' says he'll get what he 'deserves' Fox News Donald Trump Jr.'s wife Vanessa Trump was hospitalized in New York City after opening a letter containing a suspicious white substance that was later…","Letter with white powder for Trump Jr. calls him 'awful,' says he'll get what he 'deserves' - Fox News",Elizabeth Zwirz,2018-02-13T21:29:12Z,2,0.3636363636,-0.2159090909,0.5,-0.5
84,"Fox News Michael Wolff may have faked tech issue to avoid question about Trump affair rumor he started Fox News After being asked if he owed an apology to President Trump for a rumor in his explosive book ""Fire and Fury: Inside the Trump White House,"" Michael…",Michael Wolff may have faked tech issue to avoid question about Trump affair rumor he started - Fox News,Brian Flood,2018-02-26T15:23:49Z,2,0,0,0,0
85,"Fox News Who is mysterious group behind Trump 'censure' ad? Fox News The push to impeach President Donald Trump now has some competition from a campaign with unknown financial backers that wants to censure the president instead. On Wednesday, a group that opp…",Who is mysterious group behind Trump 'censure' ad? - Fox News,Washington Free Beacon,2018-01-29T13:33:10Z,2,0.48,-0.06,0.85,-0.2
86,President Trump heads to Florida for a roundtable on tax cuts a day after James Comey's first sit-down interview since his firing. Follow here for the latest.,President Trump today,,2018-04-16T16:25:09Z,1,0.6166666667,0.375,0,0
87,Says they won't admit he's tough on Russia.,Trump hits media's 'narrative',,2018-04-22T15:27:23Z,2,0.8333333333,-0.3888888889,0,0
88,Some pundits rip Trump speech on Florida.,Media polarize school shooting,,2018-02-18T16:28:21Z,2,0,0,0,0
89,"Meghan McCain says she believes President Donald Trump has backed off his personal attacks against her father, Sen. John McCain, and revealed that she had a conversation with Trump about her dad's cancer diagnosis.",Meghan McCain: Trump won't personally attack my father again,"Maegan Vazquez, CNN",2018-02-07T17:32:03Z,1,0.3,0,0.3,0
90,"Rep. Gregory Meeks (D-NY) responds to an interview that Donald Trump Jr. did with The Daily Caller where Trump Jr. defended allegations that his father is a racist, citing that the President has rapper friends.",Don Jr. defends dad: He has black friends,,2018-02-07T21:30:42Z,1,0,0,0.4333333333,-0.1666666667
91,"Freedom Watch: Judge Andrew Napolitano and Howard Kurtz, author of the new book 'Media Madness: Donald Trump, the Press, and the War over the Truth' discuss why there is such discord between President Trump and the press.",Napolitano: The breakdown between Trump and the Media,,2018-02-07T20:22:09Z,2,0.4772727273,0.0681818182,0,0
92,"Former Trump presidential campaign aide Rick Gates has agreed to testify against former Trump campaign chairman Paul Manafort and will plead guilty to fraud related charges, according to the Los Angeles Times.","LA Times: Former Trump aide Gates to plead guilty, testify against Manafort","Aileen Graef, CNN",2018-02-18T23:17:45Z,1,0.35,-0.125,0.5,-0.25
93,"Rep. Ruben Gallego (D-AZ) called President Trump a ""psychopath"" on Twitter after Trump suggested there is a link between the FBI missing a tip on the Florida school shooter and the Russia investigation.",Democratic rep. to Trump: You're a 'psychopath' for making this about you,,2018-02-18T13:34:13Z,1,0.05,-0.2,0,0
94,"A Democratic senator suggested Monday that President Donald Trump might be inspired by North Korea's ""dear leader"" cult of personality, shortly after Trump quipped that Democrats committed ""treason"" when they did not applaud his State of the Union.",Dem senator on Trump's 'treason' barb: 'Maybe he's been watching too much North Korean television',"Eli Watkins, CNN",2018-02-06T01:05:30Z,1,0.3,0,0.2,0.2
95,"Comedian Rosie O’Donnell put her dislike for President Trump on t-shirts. They apparel is selling on Etsy, with proceeds going to &quot;anti-Trump candidates and causes.&quot;",Rosie O'Donnell’s anti-Trump shirt sells out,,2018-02-23T14:46:22Z,2,0,0,0,0
96,"Not even two weeks into the new year, the headlines came -- an alleged affair between Donald Trump and a porn star, including a six-figure payout by his attorney -- thrusting first lady Melania Trump unwittingly into a salacious media storm.",Melania Trump re-emerges amid marriage scrutiny,"Kate Bennett, CNN",2018-02-26T11:30:03Z,1,0.295959596,0.0954545455,0,0
97,Treasury Department imposed penalties on 13 Russians indicted by Robert Mueller for meddling in the U.S. election; chief White House correspondent John Roberts reports.,Trump administration sanctions Russians,,2018-03-15T22:13:42Z,2,0,0,0,0
98,Fox News Photo of Donald Trump 'look-alike' in Spain goes viral Fox News Spanish farmer Dolores Leis Antelo has been drawing comparisons to President Donald Trump ever since a photo of her started going viral last week. (Paula Vasquez). Could this be Presiden…,Photo of Donald Trump 'look-alike' in Spain goes viral - Fox News,Katherine Lam,2018-04-25T15:31:29Z,2,0.0333333333,0,0,0
99,"Fox News Trump hosts France's Macron for first state visit; dinner menu, guest list still secret Fox News President Trump next week will host French President Emmanuel Macron at the White House, marking the first state visit since Trump took office last year.…","Trump hosts France's Macron for first state visit; dinner menu, guest list still secret - Fox News",Fox News,2018-04-21T18:20:56Z,2,0.2047619048,0.0142857143,0.5166666667,-0.075
100,SDSU class focused on impeaching Trump,College course focuses on removing Trump from office,,2018-02-27T15:02:09Z,2,0,0,0,0
101,"Not since Richard Nixon started talking to the portraits on the walls of the West Wing has a president seemed so alone against the world, writes Gloria Borger. Trump's allies are worried.",Trump: The great unraveling,"Gloria Borger, CNN Chief Political Analyst",2018-03-02T12:17:32Z,1,0,0,0.75,0.8
102,"Paints them as anti-black, anti-women.",Hillary rips Trump voters,,2018-03-19T14:31:32Z,2,0,0,0,0
103,Key Republicans on Sunday warned President Donald Trump not to interfere with special counsel Robert Mueller.,Republicans warn Trump,"Eli Watkins, CNN",2018-03-18T17:54:17Z,1,0.7857142857,0.1785714286,0,0
104,"First Lady Melania Trump is prepared the first state dinner hosted by the Trump administration for French President Emanuel Macron and his wife, Brigitte.",Melania Trump gives sneak peek at state dinner decor,,2018-04-24T06:50:44Z,1,0.2222222222,0.1666666667,0,0
105,"Ivana Trump says she doesn't think it's necessary for her ex-husband, Donald Trump, to run for re-election in 2020, according to an interview with Page Six.",Ivana Trump doesn't think Donald should run for re-election,"Maegan Vazquez, CNN",2018-04-23T14:00:54Z,1,1,0,0,0
106,"Trump lawyer Michael Cohen's office was raided by the FBI, and President Trump mulls retaliation in Syria. Watch the White House press briefing live with Sarah Sanders.",White House press briefing,,2018-04-10T17:35:37Z,1,0.25,0.0681818182,0,0
107,Former White House press secretary Sean Spicer challenges James Comey's account of Trump Tower anti-Trump dossier briefing; reaction from Dr. Sebastian Gorka on 'Hannity.',Spicer: Comey's account of dossier briefing is misleading,,2018-04-17T02:20:17Z,2,0,0,0,0
108,"On Tuesday morning, President Donald Trump and first lady Melania Trump formally welcomed French President Emmanuel Macron and his wife Brigitte to the White House.",The Point: 9 thoughts on that epic Trumps-Macrons White House picture,"Analysis by Chris Cillizza, CNN Editor-at-large",2018-04-24T16:06:12Z,1,0.1111111111,0.0833333333,0.2,0.05
109,"Sen. Lindsey Graham (R-SC) responds to President Trump's request for a military parade, telling CNN's Manu Raju it's ""cheesy and shows weakness.""",Graham: Trump parade shows weakness,,2018-02-07T18:38:18Z,1,0.4444444444,-0.2833333333,0.2333333333,-0.25
110,"President Donald Trump walks away from a turbulent week with a major political victory in the form of a massive $300 billion budget deal that will increase the leverage he has on immigration policy and weaken the Democrats, Julian Zelizer writes.",A big victory for Trump,"Julian Zelizer, CNN Political Analyst",2018-02-09T15:56:21Z,1,0.5333333333,0.0208333333,0.1,0
111,CNN's Jeff Zeleny reports on the President's address to the nation.,Trump avoids mention of guns,,2018-02-15T22:42:47Z,1,0,0,0,0
112,"Democrats on Capitol Hill slammed President Donald Trump's budget proposal and infrastructure plan, arguing Monday it doesn't address the needs of the American people.",Democratic senators slam Trump budget,"Daniella Diaz, CNN",2018-02-13T00:07:56Z,1,0,0,0,0
113,CNN's chief legal analyst Jeffrey Toobin derides President Trump's decision to block the release of the Democratic rebuttal to the Republican intelligence memo alleging FBI abuses of its surveillance authority,Toobin: Trump censoring Democrats' argument,,2018-02-10T14:40:40Z,1,0.2,0.2,0,0
114,President Trump is expected to signal today that he wants a GOP memo alleging the the FBI abused its surveillance tools released. Follow here for live updates.,President Trump today: Live updates,"Meg Wagner, CNN",2018-02-02T13:31:23Z,1,0.3333333333,0.0787878788,0.5,0.1363636364
115,"President Donald Trump on Wednesday again publicly chastised his attorney general, Jeff Sessions, this time over an investigation into alleged surveillance abuses.",Trump again calls out Sessions,"Maegan Vazquez, CNN",2018-02-28T15:05:06Z,1,0.2222222222,-0.0166666667,0,0
116,Trump tweets 'mission accomplished' after joining forces with the U.K. and France to launch strikes in Syria; former Trump campaign manager Corey Lewandowski reacts.,Corey Lewandowski: Syria strike was perfectly executed,,2018-04-14T12:42:47Z,2,0.25,0.1,1,1
117,"Two new polls, taken before President Donald Trump launched airstrikes on Syria Friday night, spell bad news for Trump and his political party.",Two polls show Trump approval below 40% and Democratic excitement for 2018,"Caroline Kenny, CNN",2018-04-15T16:41:08Z,1,0.4070707071,-0.1878787879,0,0
118,President Trump welcomed French President Emanuel Macron to the White House Tuesday evening for the first state dinner of the Trump administration.,Trump hosts Macron at first White House state dinner,Samuel Chamberlain,2018-04-25T01:07:47Z,2,0.1111111111,0.0833333333,0.1666666667,0.125
119,"First Lady Melania Trump is prepared the first state dinner hosted by the Trump administration for French President Emanuel Macron and his wife, Brigitte.",Melania Trump gives sneak peek at state dinner decor,,2018-04-24T07:16:58Z,1,0.2222222222,0.1666666667,0,0
120,"President Trump hosts the 2017 World Series Champions, the Houston Astros, as the White House deals with continued fallout over Stormy Daniels. Follow here for the latest.",President Trump today,,2018-03-12T15:35:49Z,1,0.45,0.25,0,0
121,President Trump is threatening to veto the spending bill Congress passed just after midnight. See the latest.,Trump threatens a shutdown,,2018-03-23T14:35:08Z,1,0.9,0.5,0,0
122,Trump draws flak over Mueller indictments.,Media furor as Russians charged,,2018-02-18T16:18:56Z,2,0,0,0,0
123,Former Trump campaign aide responds on 'Hannity.',Exclusive: Carter Page reacts to the Democrats' memo,,2018-02-27T02:44:24Z,2,0,0,0,0
124,"Alec Baldwin returned to ""Saturday Night Live"" as President Donald Trump to discuss the ratings of his State of the Union address, meanwhile Cecily Strong's Melania Trump got advice from former first ladies.",First ladies give Melania advice on 'SNL',,2018-02-04T07:55:50Z,1,0.3916666667,0.2049242424,0.3333333333,0.25
125,"After more than a year of investigation, there's still no evidence of Donald Trump working with Russia himself to steal the presidential election. But there's evidence suggesting Democrats and others tried to conspire against Trump. #Tucker","No proof of Russian collusion, but of anti-Trump conspiracy",,2018-02-08T01:17:16Z,2,0.5,0.5,0,0
126,"CNN's Van Jones says ""things are exactly what they appear to be"" in response to a New York Times report about an alleged phone conversation between Hope Hick's and President Donald Trump regarding emails between Trump Jr. and Russians.",Van Jones: Campaign was up to no good,,2018-02-01T03:56:57Z,1,0.2681818182,0.0954545455,0.6,-0.35
127,The New York Times reports a former Trump legal team spokesman is ready to tell Special Counsel Robert Mueller that Hope Hicks once said Donald Trump Jr.'s emails about his meeting with a Russian lawyer would 'never get out.',Hope Hicks' attorney denies New York Times report,,2018-02-01T21:02:53Z,2,0.2876623377,0.1489177489,0.4545454545,0.1363636364
128,"President Donald Trump and first lady Melania Trump, aiming to honor the victims of Wednesday's school shooting in Parkland, Florida, visited Broward Health North Hospital on Friday, the hospital where many of the victims were treated.",Trump visits Florida hospital to honor victims of Parkland shooting,"Kevin Liptak, Dan Merica and Allie Malloy, CNN",2018-02-16T23:55:52Z,1,0.4166666667,0.375,0,0
129,Former Director of National Intelligence James Clapper tells CNN's Anderson Cooper that he thinks more details about the financial relationships between the Trump organization before the election and the Trump campaign will surface in the Mueller investigatio…,Clapper: More shoes will drop in the Russia probe,,2018-02-18T03:54:53Z,1,0.1666666667,0.1666666667,0.5,0.5
130,Counselor to President Trump Kellyanne Conway says Trump has full faith in Chief of Staff John Kelly and has no plans to replace him in the wake of Rob Porter's resignation.,Conway: Trump has full faith in John Kelly,,2018-02-11T15:15:49Z,1,0.55,0.35,0.55,0.35
131,"First lady Melania Trump eschewed the traditional South Lawn couple's walk to Marine One on Friday amid another adultery allegation scandal, opting instead to drive separately ahead of President Donald Trump.",Melania Trump arrives solo to air base as first couple heads to Florida,Kate Bennett,2018-02-16T20:12:44Z,1,0.5416666667,0.125,0.6666666667,-0.275
132,"Ohio Republican Gov. John Kasich, a prominent critic of President Donald Trump, said Monday that Trump deserves credit for his statement calling for a ban on bump fire stocks.",Kasich: Trump 'deserves credit' on bump fire stocks,"Eli Watkins, CNN",2018-02-27T02:30:40Z,1,1,0.5,0,0
133,President Trump spoke about his agenda and achievements at CPAC 2018; Nigel Farage weighs in on 'The Ingraham Angle' about what Trump and Republicans need to do to succeed in the midterms.,Nigel Farage: Trump needs to keep up the momentum from CPAC,,2018-02-24T03:49:27Z,2,0,0,0,0
134,President Nicolas Maduro of Venezuela warned President Trump not to ban the South American country's oil. It's a move the Trump administration is considering to crack down on Maduro's regime.,Maduro warns Trump not to ban Venezuelan oil,Patrick Gillespie,2018-02-15T21:41:16Z,1,0.1444444444,-0.0777777778,0,0
135,"With allegations of an affair between Donald Trump and a former Playboy playmate, Melania Trump finds herself in a situation not dissimilar from her predecessors -- but this time it's at the height of #MeToo movement, writes Kate Andersen Brower.","Melania, Hillary and Jackie: Are the rules about infidelity finally changing?",Kate Andersen Brower,2018-02-19T23:20:17Z,1,0,0,1,0
136,"If there's been one consistent thing about Donald Trump since he emerged as a presidential candidate in June 2015, it's this: When women accuse men of sexual assault or domestic abuse, Trump sides with the men.",Donald Trump believes the men. Always. Unless they're Democrats.,"Analysis by Chris Cillizza, CNN Editor-at-large",2018-02-10T20:50:16Z,1,0.3944444444,0.25,0,0
137,First lady Melania Trump joined President Donald Trump on Air Force One Monday on a trip to Ohio where she split off for a solo event visiting children at Cincinnati Children's Hospital.,"First lady joins Trump on Ohio trip, visits children's hospital","Kate Bennett, CNN",2018-02-06T00:01:15Z,1,0.3333333333,0.25,0.3333333333,0.25
138,"Donald Trump wants you to believe he has ""great respect"" for women, but his words and actions tell a far different story. In fact, Trump may be the most anti-women US president ever.",Opinion: Trump may be the most anti-women US President ever,Dean Obeidallah,2018-02-11T21:39:23Z,1,0.59,0.32,0.5,0.5
139,Donald Trump Jr.'s wife Vanessa Trump and two others were taken to a New York City hospital for evaluation after opening a suspicious envelope containing an unidentified substance.,Vanessa Trump hospitalized after opening suspicious envelope,,2018-02-12T18:25:44Z,2,0.4545454545,0.1363636364,0,0
140,"Donald Trump Jr., the eldest son of the U.S. president, is to make a foreign policy speech at a business summit during his whirlwind trip to India where he has been promoting Trump-brand real estate.",Trump Jr. to give foreign policy speech in India,Associated Press,2018-02-23T10:06:08Z,2,0.2125,0.0375,0.125,-0.125
141,"President Donald Trump read the lyrics of an anti-immigrant song titled ""The Snake"" on Friday, reverting to a campaign staple that Trump has used to criticize United States' immigration policy.","Trump reads 'The Snake,' oft-used lyrics for anti-immigrant song, at CPAC","Dan Merica, CNN",2018-02-23T19:25:12Z,1,0,0,0,0
142,National Enquirer accused of buying her silence.,"Tabloid, Trump and a Playmate",,2018-02-18T16:45:41Z,2,0,0,0,0
143,President Trump speaks at a manufacturing plant in Ohio as Congress works on passing a spending bill before Thursday's government shutdown deadline. Follow here for the latest.,President Trump today: Live updates,"Meg Wagner and Amanda Wills, CNN",2018-02-05T15:26:51Z,1,0.9,0.5,0.5,0.1363636364
144,"President Donald Trump was displeased with Democrats' reactions during his State of the Union address, calling them ""treasonous and un-American."" CNN's Jim Acosta reports.",Trump: Democrats' SOTU reactions 'treasonous',,2018-02-05T22:45:51Z,1,0,0,0,0
145,"The Trump administration outlined its policy priorities on Monday in a budget that calls for billions of dollars to fight the opioid epidemic, secure the country's borders, and overhaul safety net programs.",What's in the Trump budget?,"Gregory Wallace, CNN",2018-02-13T00:19:03Z,1,0.3,0.2,0,0
146,President Trump is expected to announce new North Korea sanctions at the CPAC conference. Follow the latest here.,President Trump today: Live updates,"Amanda Wills and Brian Ries, CNN",2018-02-23T13:51:27Z,1,0.5848484848,0.1787878788,0.5,0.1363636364
147,Turns emotional debate into gripping television.,Trump seizes spotlight on guns,,2018-02-25T16:25:24Z,2,0.825,0.25,0,0
148,The first lady will address the Florida school shooting at a luncheon for governors' spouses at the White House. Follow here for live updates.,Melania Trump speaks: Live updates,"Meg Wagner and Amanda Wills, CNN",2018-02-26T16:33:41Z,1,0.2777777778,0.1287878788,0.5,0.1363636364
149,Refuses traditional pregame interview.,Trump stiffs NBC's Super Bowl,,2018-02-04T16:30:39Z,2,0.75,0,0.6666666667,0.3333333333
150,GOP Councilman Joe Borelli debates Fox News contributor Jehmu Greene debates on 'Fox &amp; Friends First.',Trump welcomes shutdown over immigration,,2018-02-07T12:25:21Z,2,0.3333333333,0.25,0,0
151,President Trump speaks at the congressional GOP retreat as the White House reviews a classified memo alleging FBI surveillance abuses. Follow here for live updates.,President Trump today: Live updates,"Meg Wagner, CNN",2018-02-01T13:26:13Z,1,0.25,0.0681818182,0.5,0.1363636364
152,"President Donald Trump, facing crises like the aftermath of the Parkland shooting and indictments against Russian nationals and entities, is blaming everybody but Russia.",Trump blames everyone but Russia,"Analysis by Dan Merica and Jeff Zeleny, CNN",2018-02-18T16:10:40Z,1,0,0,0,0
153,CNN's Anderson Cooper says President Trump is remarkably forgiving when it comes to certain alleged abusers.,Cooper: Trump forgiving alleged abusers,,2018-02-10T02:29:37Z,1,0.4738095238,0.2880952381,0.1,-0.1
154,Rob Porter forced out after abuse allegations.,Furor over ex-Trump aide,,2018-02-11T16:17:46Z,2,0.2,-0.3,0,0
155,President Trump is expected to use his State of the Union address Tuesday to announce his long-awaited plan for investing in America's infrastructure. Here's what we know about the plan so far.,Trump to unveil infrastructure plan,Lydia DePillis,2018-02-11T22:05:41Z,1,0.7,0,0,0
156,Mueller grand jury indicts 13 Russians and three Russian companies for allegedly interfering in the 2016 presidential election. Indictment does not allege that any of the interference changed the outcome of the presidential race. #Tucker,Trump-Russia collusion case DOA?,,2018-02-17T01:13:23Z,2,0.3666666667,0.1333333333,0,0
157,Stoneman Douglas High School teacher Diane Wolk-Rogers calls out President Trump for 'name calling' following his response to the shooting.,Teacher assigns President Trump 'detention',,2018-02-24T02:26:15Z,1,0.32,0.08,0,0
158,President says he's done more than Obama.,Media hit Trump Russia claim,,2018-02-26T08:46:49Z,2,0.5,0.5,0,0
159,"Fox News Pittsburgh police warn officers to bring 'riot gear' to work in event Trump fires Mueller Fox News Rumors spread by left-leaning groups alleging President Trump will fire special counsel Robert Mueller have begun prompting official action, with Pitts…",Pittsburgh police warn officers to bring 'riot gear' to work in event Trump fires Mueller - Fox News,Greg Norman,2018-04-18T18:00:53Z,2,0.3357142857,0.2285714286,0,0
160,"Fox News Trump now backs marijuana 'states rights' bill, senator says Fox News President Donald Trump has reportedly lent his support to a U.S. senator from Colorado, promising to back legislation that “protects states' rights” on legalized marijuana. The pre…","Trump now backs marijuana 'states rights' bill, senator says - Fox News",Elizabeth Zwirz,2018-04-14T05:27:44Z,2,0.25,0.1,0,0
161,"President Donald Trump was outraged after news broke that his personal lawyer's office was raided by the Feds. There's been rumors President Trump is considering firing Robert Mueller or some some high ranking Department of Justice officials, but would that s…",(VIDEO) Michael Cohen Raid Fallout: Judge Napolitano On Who President Trump Can And Can’t Fire,Tom Sullivan Show,2018-04-11T21:18:06Z,2,0.6133333333,-0.2466666667,0,0
162,Fox News Michael Cohen raid rattles Trump allies: Did feds seize president's communications? Fox News The president disputes claims that his long-time lawyer Michael Cohen could turn against him while under investigation. While Deputy Attorney General Rod Ros…,Michael Cohen raid rattles Trump allies: Did feds seize president's communications? - Fox News,Adam Shaw,2018-04-23T13:08:22Z,2,0.5,0.05,0,0
163,Fox News Trump attacks 'garbage' Washington Post; calls Kelly story 'hit job' Fox News Trump announces plan to send National Guard troops to the border; Washington Examiner White House correspondent Sarah Westwood provides insight. President Trump on Sunday l…,Trump attacks 'garbage' Washington Post; calls Kelly story 'hit job' - Fox News,Joseph Weber,2018-04-08T14:15:16Z,2,0,0,0,0
164,"Fox News Trump sanctions on Russia: This is as far from 'collusion' as you can get Fox News Stephen Cohen, professor of Russian studies at New York University, says on 'The Ingraham Angle' that the goal posts are always being moved when it comes to how tough …",Trump sanctions on Russia: This is as far from 'collusion' as you can get - Fox News,Robert Charles,2018-04-07T14:29:40Z,2,0.571969697,-0.0381313131,1,0.1
165,Former Trump campaign manager talks about his testimony before the House Intelligence Committee and the upcoming meeting between President Trump and Kim Jong Un.,Lewandowski: Collusion probe is a 'political ploy' by Dems,,2018-03-12T14:47:17Z,2,0,0,0.1,0
166,Former Trump campaign aide Sam Nunberg tells CNN's Anderson Cooper that he doesn't think Robert Mueller's investigation is a witch hunt against President Donald Trump.,Nunberg: Russia investigation not a witch hunt,,2018-03-13T01:14:59Z,1,0,0,0,0
167,"As former Trump aide Sam Nunberg vows to defy Mueller subpoena, new revelations about Christopher Steele Trump-Russia dossier surfaces. #Tucker",When will subpoenas go out on the 'real' Russia collusion?,,2018-03-06T01:27:21Z,2,0.2272727273,0.0681818182,0.3,0.2
168,First Lady Melania Trump once again skipped a walk to Marine One with Pres. Trump amid new details of an alleged affair. CNN's Kate Bennett reports.,FLOTUS skips walk with husband amid affair claims - CNN Video,,2018-03-23T22:16:18Z,1,0.295959596,0.0954545455,0,0
169,Trump faces criticism from conservatives after signing a massive spending bill. Former Trump campaign manager Corey Lewandowski weighs in on 'The Story.',Lewandowski on the spending bill: This can't happen again,,2018-03-23T23:31:54Z,2,0.5,0,0,0
170,"Special council Robert Mueller's team wanted ex-Trump adviser Rick Gates to reveal any contacts the Trump campaign had with Russians, documents show.",Mueller pushed for Gates' help on collusion,,2018-03-29T22:29:34Z,1,0.5714285714,0.3571428571,0,0
171,"Former Vice President Joe Biden regrets saying that if he were in high school, he would fight President Donald Trump over the way Trump has talked about women.",Biden: 'I shouldn't have said' I would fight Trump,"Clare Foran, CNN",2018-03-28T20:13:07Z,1,0.2466666667,0.02,0,0
172,"CNN's Erin Burnett breaks down the series of departures from the Trump administration, and wonders whether President Trump is having issues firing people directly.",Erin Burnett: Is Trump scared to say 'You're fired'?,,2018-04-03T00:06:58Z,1,0.3444444444,-0.0277777778,0,0
173,"HLN host S.E. Cupp addresses Melania Trump amid Stormy Daniel's allegations against President Donald Trump, advising Melania to leave her ""jerk of a husband.""",S.E. Cupp to Melania: Don't be like Hillary,,2018-03-28T01:39:24Z,1,0,0,0,0
174,8-year-old penned an emotional plea to President Trump about his sick father; father and son react on 'Fox &amp; Friends' after Trump writes touching letter back.,Trump responds to boy seeking a kidney to save his father,,2018-03-30T11:59:05Z,2,0.5017857143,-0.0535714286,0,0
175,"Fox News Melania Trump follows five people on her first lady Twitter handle, including former President Obama Fox News Social media users discovered one of the five people first lady Melania Trump follows on her FLOTUS Twitter handle includes former President…","Melania Trump follows five people on her first lady Twitter handle, including former President Obama - Fox News",Kathleen Joyce,2018-02-07T17:28:56Z,2,0.1466666667,0.1066666667,0.1666666667,0.125
176,"Fox News Clinton associates fed information to Trump dossier author Steele, memo says Fox News Clinton associates were ""feeding"" allegations to former British spy Christopher Steele at the same time he was compiling the controversial anti-Trump dossier paid f…","Clinton associates fed information to Trump dossier author Steele, memo says - Fox News",Catherine Herridge,2018-02-05T16:02:03Z,2,0.26875,0.1375,0,0
177,Fox News Defiant ESPN star Jemele Hill on claim Trump is a white supremacist: 'I still stand by what I said' Fox News ESPN's outspoken anti-Trump personality Jemele Hill appeared on ABC News' “The View” Wednesday to double down on her infamous tweet in which …,Defiant ESPN star Jemele Hill on claim Trump is a white supremacist: 'I still stand by what I said' - Fox News,Brian Flood,2018-02-21T17:27:17Z,2,0.3222222222,-0.1638888889,0,0
178,Fox News Bobsledder Lauren Gibbs fires back at critics who slammed her photos with Ivanka Trump Fox News Lauren Gibbs takes a selfie with Ivanka Trump during the final day of competition at the Winter Olympics Sunday. (AP). American silver medal-winning bobsl…,Bobsledder Lauren Gibbs fires back at critics who slammed her photos with Ivanka Trump - Fox News,Samuel Chamberlain,2018-02-28T13:07:31Z,2,0.3333333333,0,0,0
179,First lady Melania Trump will accompany President Donald Trump to Saturday night's annual Gridiron Club Dinner in a rare Washington outing for the first couple.,First lady Melania to attend Gridiron dinner with Trump,"Veronica Stracqualursi, CNN",2018-03-03T19:43:08Z,1,0.5222222222,0.2666666667,0.3333333333,0.25
180,House Intelligence Committee finds no collusion evidence. President Trump heads to California to view border wall prototypes. Son of President Trump speaks out on 'Fox &amp; Friends.',Trump Jr.: Collusion is Dems' talking point for 2018,,2018-03-13T12:12:47Z,2,0,0,0,0
181,"Trump has the lowest approval rating for any president at this point in their presidency. Yet, Trump is actually more popular than he was when he was elected.","Trump is unpopular, but he's actually gained support since Election Day","Analysis by Harry Enten, CNN",2018-03-02T13:07:26Z,1,0.7,0.55,0.1,0
182,Former Trump campaign aide Sam Nunberg tells CNN's Erin Burnett that he doesn't care what President Trump allies are saying about him and his state of mind.,Nunberg: I don't care what White House is saying about me,,2018-03-06T00:31:12Z,1,0,0,0,0
183,"President Donald Trump says his administration will impose tariffs on steel and aluminum imports next week, a highly controversial move that Trump framed along national security lines.",Trump: You don't have a country without steel,,2018-03-02T07:33:39Z,1,0.475,0.275,0,0
184,House Intelligence Committee finds no collusion evidence. President Trump heads to California to view border wall prototypes. Son of President Trump speaks out on 'Fox &amp; Friends.',Trump Jr.: Collusion is Dems' talking point for 2018,,2018-03-13T12:12:47Z,2,0,0,0,0
185,The Trump administration announced Wednesday that President Trump will sign a proclamation to send the National Guard to the border immediately.,Trump to sign proclamation sending National Guard to the border immediately,Fox News,2018-04-04T19:40:18Z,2,0,0,0,0
186,President Donald Trump will attend a private dinner benefiting pro-Trump super PAC America First Action on Wednesday night in Washington.,Trump to dine with super PAC donors on Wednesday,"Dan Merica and Elizabeth Landers, CNN",2018-04-04T16:44:57Z,1,0.36875,0.1708333333,0.6666666667,0.3333333333
187,Fox News Trump: 'Disgraceful' that illegal immigrant killed Colts linebacker Edwin Jackson Fox News Police reveal the suspected drunk driver who struck a car carrying Indianapolis Colts linebacker Edwin Jackson had been deported twice. President Trump on Tues…,Trump: 'Disgraceful' that illegal immigrant killed Colts linebacker Edwin Jackson - Fox News,Judson Berger,2018-02-06T14:09:27Z,2,0.5,-0.4,0.25,-0.35
188,TheBlaze.com Trump tells Israeli paper Jerusalem move was 'big point' Fox News JERUSALEM – An Israeli newspaper is quoting President Donald Trump as saying his recognition of Jerusalem as the country's capital was one of his biggest moves thus far as the U.S.…,Trump tells Israeli paper Jerusalem move was 'big point' - Fox News,Associated Press,2018-02-09T15:11:25Z,2,0.55,0.05,0.1,0
189,"Fox News Trump hails 'big victory' after judge upholds border wall project Fox News President Trump on Wednesday hailed a “big victory” in the courts for his proposed border wall, after a federal judge ruled against an environmental challenge to Trump's centr…",Trump hails 'big victory' after judge upholds border wall project - Fox News,Adam Shaw,2018-02-28T14:48:45Z,2,0.1,0,0.1,0
190,"CNN Trump: European Union has 'been brutal' to the US CNN (CNN) President Donald Trump said Saturday that the European Union's trade policies have ""been brutal"" to the United States, a sentiment he shared both online and in person after EU leaders condemned h…",Trump: European Union has 'been brutal' to the US - CNN,Devan Cole,2018-03-04T01:08:00Z,1,0.5,-0.4375,0.5,-0.4375
191,"Fox News Trump says Australia could be exempt from steel, aluminum tariffs Fox News President Trump said Friday Australia could be exempt from the newly imposed tariffs on aluminum and steel imports, suggesting Australia's commitment to a “very fair” and “rec…","Trump says Australia could be exempt from steel, aluminum tariffs - Fox News",Brooke Singman,2018-03-09T23:20:37Z,2,0.7272727273,0.5231818182,0,0
192,"Fox News Jim Carrey 'submits' semi-nude Trump painting to National Portrait Gallery, sparks reactions Fox News Comedian Jim Carrey has come under fire for his recent paintings of Sarah Sanders, Facebook founder Mark Zuckerberg, and one depicting Trump as the …","Jim Carrey 'submits' semi-nude Trump painting to National Portrait Gallery, sparks reactions - Fox News",Jennifer Earl,2018-03-30T19:35:05Z,2,0.25,0,0,0
193,Fox News Trump expressed hope to see Rob Porter return to White House: report Fox News President Donald Trump has reportedly told some advisers that he hopes Rob Porter—his former staff secretary who exited his job after domestic violence allegations surfaced…,Trump expressed hope to see Rob Porter return to White House: report - Fox News,Lukas Mikelionis,2018-03-27T09:58:27Z,2,0.0333333333,0,0,0
194,"Michael D'Antonio says Jared Kushner and Ivanka Trump, increasingly a source of controversy in the troubled Trump administration, should go home to New York.",'Javanka' should follow Hope Hicks out the door,Michael D'Antonio,2018-03-01T20:22:47Z,1,0.7272727273,-0.1818181818,0,0
195,"President Donald Trump is striking back at former Vice President Joe Biden for suggesting he would ""beat the hell out of"" Trump if they were in high school.",Trump: Biden 'would go down fast and hard' in a fight,"Veronica Stracqualursi, CNN",2018-03-22T10:49:27Z,1,0.385,0.165,0.4768518519,-0.0824074074
196,"Vanessa Trump reportedly filed for divorce from her husband, President Trump’s eldest son, Donald Trump Jr. on Thursday in New York City.",Donald Trump Jr.'s wife files for divorce: report,Brooke Singman,2018-03-15T22:48:15Z,2,0.4545454545,0.1363636364,0,0
197,Former Trump deputy campaign manager David Bossie says Americans sees no evidence of collusion between Russia and the Trump campaign and that 'scandal fatigue' is real.,David Bossie says public is 'tuning out' the Russia probe,,2018-03-05T18:46:12Z,2,0.15,0.1,0.0666666667,0
198,"Sen. Heidi Heitkamp (D-ND), who represents Trump country, says Hillary Clinton cannot go away ""soon enough"" after Clinton made disparaging comments about Trump voters.",Democratic senator: Go away Hillary Clinton,,2018-03-30T05:57:03Z,1,0.5,0,0,0
199,Liberals and the destroy Trump media are ignoring the evidence and trying to claim that President Trump fired the former FBI deputy director.,Hannity: Proof the deep state is real,,2018-03-20T01:32:57Z,2,0,-0.1,0.35,0.1
200,Trump attorney says 'conflicts' prevent lawyers from representing Trump on his special counsel legal team; chief intelligence correspondent Catherine Herridge reports.,"Sekulow: Joe diGenova, Toensing won't join Trump legal team",,2018-03-26T20:06:22Z,2,0.3857142857,0.2785714286,0.2,0.2
201,"Fox News Jimmy Kimmel calls on Trump, GOP to 'do something' following Florida school shooting Fox News Jimmy Kimmel called on President Trump and Republican lawmakers to do something about gun control following Wednesday's school shooting in Florida that kill…","Jimmy Kimmel calls on Trump, GOP to 'do something' following Florida school shooting - Fox News",Kathleen Joyce,2018-02-16T13:52:31Z,2,0.1,0,0.1,0
202,"CNNMoney Stelter: The 'Oprah 2020' story isn't going away. Trump just made sure of it CNNMoney Oprah Winfrey says she is ""not running"" for president right now, but she has not ruled it out in private conversations, according to three confidants who spoke with…",Stelter: The 'Oprah 2020' story isn't going away. Trump just made sure of it - CNNMoney,Brian Stelter,2018-02-19T15:57:16Z,1,0.5998677249,0.2619047619,0.8888888889,0.5
203,Fox News Trump and the Russia investigation: What to know Fox News President Trump and the Kremlin have denied allegations that Russia and the Trump campaign colluded in the 2016 presidential election – but the probe into Russia's meddling is forging ahead. A…,Trump and the Russia investigation: What to know - Fox News,Kaitlyn Schallhorn,2018-02-26T17:21:26Z,2,0,0,0,0
204,"Fox News Multimillionaire Robert De Niro slams 'rich,' 'spoiled' Trump at charity event Fox News The actor felt it was appropriate to call out Trump while speaking at a charity event in Los Angeles on Tuesday. De Niro called Trump ""rich"" and ""spoiled"" while s…","Multimillionaire Robert De Niro slams 'rich,' 'spoiled' Trump at charity event - Fox News",Sasha Savitsky,2018-03-14T17:14:32Z,2,0.6666666667,0.4166666667,0.75,0.375
205,"Fox News Trump, in campaign-style speech, promises the wall: 'We're getting that sucker built!' Fox News President Trump addresses supporters in Richfield, Ohio, talking border security and building a border wall. President Trump touted the early stages of co…","Trump, in campaign-style speech, promises the wall: 'We're getting that sucker built!' - Fox News",Brooke Singman,2018-03-29T19:47:46Z,2,0.55,-0.1375,0.8,-0.375
206,"Fox News Graham lauds Trump on North Korea, but says Russia 'running wild' Fox News Republican member of the Senate Armed Services Committee talks Trump administration policy on Russia, North Korea and Syria on 'Fox News Sunday.' Republican Sen. Lindsey Graha…","Graham lauds Trump on North Korea, but says Russia 'running wild' - Fox News",Joseph Weber,2018-04-01T14:20:00Z,2,0.4,0.1,0.4,0.1
207,"Fox News Netanyahu gets VIP treatment from Trump after years of frosty relations with Obama Fox News President Trump and Israeli Prime Minister Benjamin Netanyahu greeted one another warmly Monday at the White House, touting U.S.-Israeli relations as “the bes…",Netanyahu gets VIP treatment from Trump after years of frosty relations with Obama - Fox News,Brooke Singman,2018-03-05T20:19:33Z,2,0.3,0.3,0,0
208,Fox News Trump: Obama DOJ launched 'unprecedented' probe to 'discredit' him 'so Crooked H would win' Fox News President Trump on Monday accused the Department of Justice and FBI under former President Barack Obama of launching an investigation into his campai…,Trump: Obama DOJ launched 'unprecedented' probe to 'discredit' him 'so Crooked H would win' - Fox News,Alex Pappas,2018-03-05T14:25:56Z,2,0.35,0.35,0.4666666667,0.4666666667
209,"CNN Trump complicit with Scaramucci attacks on Kelly CNN Washington (CNN) President Donald Trump publicly derided reports Tuesday that chaos is engulfing the West Wing, but in private, the man who thrives on discord seems to be sowing some of it himself. The …",Trump complicit with Scaramucci attacks on Kelly - CNN,"Kaitlan Collins and Dan Merica, CNN",2018-03-06T23:11:00Z,1,0.2208333333,0,0,0
210,"Fox News Trump on turbulence in the West Wing: 'I like conflict' Fox News President defends plans for tariffs on steel and aluminum imports, says the U.S. has been mistreated for years. President Donald Trump on Tuesday asserted that he likes and wants “confl…",Trump on turbulence in the West Wing: 'I like conflict' - Fox News,Brooke Singman,2018-03-06T22:08:48Z,2,0.1,0.2,0,0
211,"Fox News Chelsea Clinton calls Ivanka Trump fair game for tough questions Fox News Chelsea Clinton during an appearance on ""The Late Show"" Monday said Ivanka Trump should be scrutinized for her White House role. (Reuters / AP). Chelsea Clinton said in a TV in…",Chelsea Clinton calls Ivanka Trump fair game for tough questions - Fox News,Fox News,2018-03-07T10:46:30Z,2,0.5466666667,-0.0777777778,0.7111111111,-0.0296296296
212,"Fox News At Gridiron Dinner, Trump jokes on politics -- but gets serious about North Korea talks Fox News President-elect Donald Trump smiles as he arrives to speak at an Election Night rally, in New York City, Nov. 9, 2016. (Associated Press). President Dona…","At Gridiron Dinner, Trump jokes on politics -- but gets serious about North Korea talks - Fox News",Fox News,2018-03-04T08:03:55Z,2,0.5606060606,-0.0984848485,0.6666666667,-0.3333333333
213,"CNN A presidential milestone: Trump has spent 100 days in office at one of his golf clubs CNN WASHINGTON (CNN) President Donald Trump reached a presidential milestone at his Palm Beach County, Florida, golf club on Saturday: One hundred days in office at a go…",A presidential milestone: Trump has spent 100 days in office at one of his golf clubs - CNN,"Dan Merica, CNN",2018-03-03T13:25:00Z,1,0.1,-0.1,0.1,-0.1
214,CNN Trump gets testy as national security team warns of risks of Syria withdrawal CNN Washington (CNN) President Donald Trump grew irritated with his top military brass and national security team on Tuesday when they advised him an immediate withdrawal of US …,Trump gets testy as national security team warns of risks of Syria withdrawal - CNN,"Elise Labott and Kevin Liptak, CNN",2018-04-04T22:55:00Z,1,0.3,0.2,0,0
215,"Fox News Trump to Democrats: Stop dragging your feet on DACA Fox News President Donald Trump late Thursday tweeted that top Democrats are “not calling” about DACA and indicated that Sen. Chuck Schumer and Rep. Nancy Pelosi, two top-ranking Democrats, will be …",Trump to Democrats: Stop dragging your feet on DACA - Fox News,Lukas Mikelionis,2018-02-02T05:50:44Z,2,0.55,0.1,0,0
216,President Donald Trump has always loved a good parade.,Trump suggests US will have military parade on July 4,"Daniella Diaz, CNN",2018-02-07T04:59:09Z,1,0.5444444444,0.3833333333,0.1666666667,-0.175
217,President Trump comments on newly declassified Republican memo.,Trump: It's a disgrace what's happening in our country,,2018-02-02T17:13:04Z,2,0.4545454545,0.1363636364,0,0
218,Former Trump adviser speaks out on 'The Ingraham Angle.',Carter Page on the revelations from the Nunes memo,,2018-02-06T03:26:10Z,2,0,0,0,0
219,President Trump backs efforts to improve federal gun background checks.,White House considering more ideas for gun control,,2018-02-19T14:12:32Z,2,0,0,0.25,0.25
220,President Trump speaks to reporters before his CPAC speech.,Trump: We're going to make background checks very strong,,2018-02-23T14:43:50Z,2,0,0,0.9533333333,0.5633333333
221,Indictment reveals Russians organized anti-Trump rallies after the election.,Gutfeld on Russia's anti-Trump rallies,,2018-02-20T22:41:08Z,2,0,0,0,0
222,President Trump addresses attendees at the Conservative Political Action Conference.,"Trump wows CPAC crowd, jokes about his famous hairdo",,2018-02-23T20:21:35Z,2,0.1,0.05,1,0.5
223,President Trump's daughter-in-law and Trump for President senior adviser says there is no evidence of collusion between Russia and the Trump presidential campaign.,"Lara Trump wants FISA memo released, previews SOTU address",,2018-01-29T18:33:03Z,2,0,0,0.1,0.2
224,"This has been an epic first year for the Trump administration, yet Democrats and the media won't give President Trump credit for anything.",Hannity: President Trump declares a new American moment,,2018-01-31T04:43:31Z,2,0.3666666667,0.175,0.2272727273,0.0681818182
225,"Fox News Amb. Nikki Haley on Trump administration's Syria strategy Fox News WALLACE: Nikki Haley, U.S. ambassador to the United Nations live, only on ""Fox News Sunday."" Then, the FBI raids the president's personal lawyer, Michael Cohen, raising questions whet…",Amb. Nikki Haley on Trump administration's Syria strategy - Fox News,Fox News,2018-04-15T15:50:32Z,2,0.6,0.0454545455,0,0
226,"Recordings of Trump posing as his own publicist are only a few of many examples of Trump the conman, says Michael D'Antonio. Trump made suckers out of many millions as he promoted his brand and, eventually built his campaign for the presidency.",Tapes show Trump as the master of the long con,Michael D'Antonio,2018-04-20T21:41:31Z,1,0.65,0.1833333333,0.4,-0.05
227,"The Trump administration's first state dinner is a major moment of diplomacy for the Trump administration, but it's also the culmination of months of thoughtful work and attention to detail by first lady Melania Trump and her East Wing staff. CNN's Kate Benne…",Melania plans first state dinner for Macrons,,2018-04-24T06:17:33Z,1,0.4166666667,0.240625,0.3333333333,0.25
228,"Fox News Trump sells US to Davos, declares 'America is open for business ' Fox News President Trump declared America “open for business ” in a speech Friday to global elites in Davos, Switzerland, while taking a hard line on trade and vowing to make commerce …","Trump sells US to Davos, declares 'America is open for business' - Fox News",Adam Shaw,2018-01-26T13:50:39Z,2,0.3854166667,-0.0729166667,0.5,0
229,"Fox News FOX NEWS FIRST: Another judge rules against Trump on ending DACA; New twist in Stormy Daniels saga Fox News Michael Cohen, the lawyer who worked for Trump for over a decade, said in a statement obtained by Fox News that the 2016 transaction with Stor…",FOX NEWS FIRST: Another judge rules against Trump on ending DACA; New twist in Stormy Daniels saga - Fox News,Fox News,2018-02-14T10:18:36Z,2,0.3939393939,0.1931818182,0.3939393939,0.1931818182
230,Former Trump campaign manager speaks out on 'Fox &amp; Friends.',Lewandowski on FISA memo: There must be accountability,,2018-02-04T15:34:15Z,2,0,0,0,0
231,Former Trump campaign manager provides insight on 'Fox News @ Night.',"Lewandowski weighs in on debate over FISA memo, surveillance",,2018-02-09T04:36:42Z,2,0,0,0,0
232,President Trump delivers remarks at the annual Republican winter retreat.,Trump: GOPers had one of the best years in US history,,2018-02-01T18:21:56Z,2,0,0,0.3,1
233,Ivanka Trump flew commercial to the Olympics foxnews.com,Ivanka Trump flew commercial to the Olympics,Janine Puhak,2018-02-24T18:29:32Z,2,0,0,0,0
234,President Donald Trump has already canned one FBI director.,Trump squares off with a (new) FBI director,"Analysis by Stephen Collinson, CNN",2018-02-01T06:42:43Z,1,0,0,0.4545454545,0.1363636364
235,President Trump touts Republican gains in midterm polling.,How will CPAC get the ball rolling for midterm elections?,,2018-02-20T11:25:00Z,2,0,0,0,0
236,President Trump takes steps to ban 'bump stocks.',President Trump: More must be done to protect children,,2018-02-21T14:09:00Z,2,0,0,0.5,0.5
237,"Fox News Trump says he 'deeply respects' people of Africa after purported derogatory remark Fox News For the past 7 years, Haitian immigrants have enjoyed 'temporary protected status' because of the 2010 earthquake that ravaged the nation. Now, Trump is revie…",Trump says he 'deeply respects' people of Africa after purported derogatory remark - Fox News,Joseph Weber,2018-01-27T14:34:17Z,2,0.45,0.0833333333,0.4,0
238,Donald Trump doesn't laugh.,The weirdest thing Comey said about Trump: He doesn't laugh,"Analysis by Chris Cillizza, CNN Editor-at-large",2018-04-17T13:40:01Z,1,0.1,0.3,0.1,0.3
239,"CNN Trump blames diplomatic shortages on Dems CNN Washington (CNN) President Donald Trump bemoaned the personnel shortages at the State Department on Sunday as his administration readies for talks with North Korean leader Kim Jong Un, charging Democrats with …",Trump blames diplomatic shortages on Dems - CNN,"Maegan Vazquez, CNN",2018-03-11T16:39:09Z,1,0,0,0,0
240,CNN Trump signals wider senior staff shake-up soon CNN (CNN) President Donald Trump signaled on Tuesday he's prepared to dismiss aides with whom he's clashed -- including national security adviser H.R. McMaster -- as he works to surround himself with advisers…,Trump signals wider senior staff shake-up soon - CNN,"Jim Sciutto, Pamela Brown, Jenna McLaughlin and Kaitlan Collins, CNN",2018-03-13T23:15:46Z,1,0,0,0,0
241,"Fox News Donald Trump Jr. tweets after YouTube shooting, stirs gun debate Fox News Donald Trump Jr. tweeted support for the National Rifle Association and its members after Tuesday's shooting in California. ((.)) Donald Trump Jr. on Tuesday responded to repor…","Donald Trump Jr. tweets after YouTube shooting, stirs gun debate - Fox News",Fox News,2018-04-04T08:56:05Z,2,0,0,0,0
242,"Fox News Cal Thomas: Trump boldly wades into cutting federal government down to size -- will it work? Fox News President Donald Trump gestures as he walks as he leaves the White House, Friday, Feb. 16, 2018, in Washington. (Copyright 2018 The Associated Press…",Cal Thomas: Trump boldly wades into cutting federal government down to size -- will it work? - Fox News,Cal Thomas,2018-03-06T09:03:35Z,2,0.4638888889,-0.1055555556,0.6185185185,-0.1407407407
243,"Fox News Trump, GOP leaders face backlash over $1.3 trillion spending package Fox News President Trump signed $1.3 trillion omnibus spending bill despite threatening to veto the legislation; Congressman Dave Brat reacts on 'The Ingraham Angle.' President Trum…","Trump, GOP leaders face backlash over $1.3 trillion spending package - Fox News",Adam Shaw,2018-03-24T19:26:50Z,2,0,0,0,0
244,"Fox News Newt Gingrich: President Trump is up, elite media are down Fox News President Donald Trump stops to speak to members of the media as he arrives for Easter services with first lady Melania Trump at Episcopal Church of Bethesda-by-the-Sea in Palm Beach…","Newt Gingrich: President Trump is up, elite media are down - Fox News",Newt Gingrich,2018-04-05T08:04:24Z,2,0.3111111111,0.0472222222,0.2888888889,-0.1555555556
245,Welcome to Trump Raw.,This is what Donald Trump raw and uncut looks like,"Analysis by Chris Cillizza, CNN Editor-at-large",2018-04-03T13:01:17Z,1,0.6807692308,0.2846153846,0.6307692308,-0.3653846154
246,"Conservative pollster Frank Luntz reconciled his 2015 public row with Donald Trump, saying Tuesday that he now owes the president an apology after his State of the Union address.",Trump critic and GOP pollster Frank Luntz: 'I owe Donald Trump an apology',Lukas Mikelionis,2018-02-01T06:24:24Z,2,0.0666666667,0,0,0
247,"Early Thursday morning, President Donald Trump took to Twitter to share his views about the school shooting in Parkland, Florida, that left 17 dead Wednesday,",We've heard from Twitter Trump and Teleprompter Trump on the school shooting,"Chris Cillizza, CNN Editor-at-large",2018-02-15T19:15:23Z,1,0.2333333333,-0.0333333333,0,0
248,Most pundits oppose Trump tariffs.,Media mourn Gary Cohn exit,,2018-03-11T15:28:30Z,2,0.5,0.5,0,0
249,"President Donald Trump on Sunday defended his use of the term ""mission accomplished"" to describe Friday's missile strike in Syria.",Trump defends 'mission accomplished' tweet,"Maegan Vazquez, CNN",2018-04-15T13:34:01Z,1,0.5,0.2,0.5,0.2
250,"Fox News host Sean Hannity and President Donald Trump have had a long, tight-knit relationship on- and off-air. CNN's Randi Kaye reports.",Sean Hannity's 'bromance' with Trump,,2018-04-17T03:03:38Z,1,0.4,-0.05,0,0
251,"After a fire ripped through an apartment in Manhattan's Trump Tower, art dealer Todd Brassner has lost his life; Laura Ingle has the latest from Trump Tower in New York City.",Trump Tower fire victim identified,,2018-04-09T13:47:59Z,2,0.6772727273,0.3181818182,0.05,-0.075
252,High school history textbook takes jabs at President Trump and his supporters.,Anti-Trump textbook stirs controversy,,2018-04-16T12:25:01Z,2,0.54,0.16,0,0
253,"After a sustained applause for new National Security Adviser John Bolton, President Trump joked about firing him, saying ""you know that means the end of his job.""",Trump jokes about another firing,,2018-04-16T17:15:43Z,1,0.4545454545,0.1363636364,0,0
254,"After a sustained applause for new National Security Adviser John Bolton, President Trump joked about firing him, saying ""you know that means the end of his job.""",Trump jokes about another firing,,2018-04-16T17:49:04Z,1,0.4545454545,0.1363636364,0,0
255,Trump and Macron can't keep their hands off each other. Jeanne Moos reports on the touchy-feely presidential bromance.,Touchy-feely Trump and Macron,,2018-04-25T00:22:36Z,1,0.375,-0.125,0,0
256,"French President Emmanuel Macron is visiting the US this week, the first official state visit of Trump's presidency. Follow here for the latest.",Trump hosts France's President Macron,,2018-04-23T13:25:41Z,1,0.4111111111,0.25,0,0
257,"When President Donald Trump and first lady Melania Trump arrived on the White House South Lawn Tuesday morning to formally welcome French President Emmanuel Macron and his wife, Brigitte, one thing was clear: The first lady commanded attention.",Melania Trump masters the moment,"Betsy Klein and Kate Bennett, CNN",2018-04-24T22:27:21Z,1,0.325,0.2333333333,0,0
258,"On Tuesday, President Trump appeared to be open to a ""clean"" DACA bill. By Wednesday, he seemed adamant that the wall be included in any immigration bill.",Trump changes tone on immigration,,2018-04-21T04:43:59Z,1,0.6333333333,0.1555555556,0,0
259,"Dino Sajudin, a former doorman at a Trump building, confirmed reports that the National Enquirer paid Sajudin $30,000 to prevent him from publicizing a rumor that Donald Trump fathered a child out of wedlock.",Former Trump doorman confirms leaked reports,,2018-04-12T20:42:24Z,1,0.5,0.2,0,0
260,President Trump stated he wants 2-4 thousand National Guard troops deployed to the border; Adam Housley has insight on the of our nation's immigration laws and the 'image move' being made by Trump in placing troops at the border.,Housley: We don't have a consistent policy for immigrants,,2018-04-06T16:42:41Z,2,0.1,0.2,0.25,0.25
261,The unfortunate reality of the Trump era is that prep work by Pompeo is better than prep work by Jared Kushner. But in the case of the Trump Administration it is reassuring that the summit is being taken seriously,Why Pompeo meeting with Kim should make you sleep a little easier,Jonathan Cristol,2018-04-18T13:14:20Z,1,0.7222222222,-0.1111111111,0.5,-0.1875
262,"Dino Sajudin, a former doorman at a Trump building, confirmed reports that the National Enquirer paid Sajudin $30,000 to prevent him from publicizing a rumor that Donald Trump fathered a child out of wedlock.",Former Trump doorman confirms leaked reports,,2018-04-12T20:42:24Z,1,0.5,0.2,0,0
263,"Former FBI director James Comey talks Trump, Hillary Clinton and the Steele dossier with ABC's George Stephanopoulos, in the first sit-down, televised interview Comey's given since he was fired by President Trump last May.",Comey: Trump is 'morally unfit' to be President,,2018-04-16T07:51:11Z,1,0.1333333333,0.0833333333,0.25,0
264,"In his first TV interview since being fired by President Trump, former FBI Director James Comey came out swinging, describing Trump as “morally unfit to be president,” and an ego-driven serial liar who treats women like “meat.”","Comey calls Trump 'morally unfit to be president,' says he wouldn't have changed handling of Clinton probe",Barnini Chakraborty,2018-04-16T02:29:02Z,2,0.1944444444,0.0833333333,0.25,0
265,"As President Donald Trump assesses how to respond to the alleged chemical attack in Syria that killed and maimed dozens of civilians, lawmakers disagreed Monday what an appropriate response should be and whether Trump needed their authorization before acting.",Senators disagree over military response to Syria -- and Trump's legal authority to wage it,"Ted Barrett, CNN",2018-04-10T10:00:18Z,1,0.15,0.05,0.15,0.05
266,"On 'Fox &amp; Friends,' counselor to the president says Trump will hold responsible Syria, Iran and Russia, responds to the former FBI chief's new book, talks pressure on Trump to fire Rosenstein.",Conway: Comey sounds like a 'disgruntled ex-employee',,2018-04-13T12:40:59Z,2,0.3348484848,0.1121212121,0,0
267,The publisher of The National Enquirer reportedly paid a former Trump Tower doorman to keep him quiet about a rumor regarding a Donald Trump affair. The New Yorker's Ronan Farrow reports.,Ronan Farrow breaks down the National Enquirer story,,2018-04-12T15:51:38Z,1,0.2626262626,0.0454545455,0.2888888889,-0.1555555556
268,The memos former FBI director James Comey wrote after his meetings with President-elect Trump and President Trump have been leaked. Here are some of the biggest claims made within the documents.,Comey memos: 6 biggest claims,,2018-04-20T17:58:27Z,2,0,0,0,0
269,"In an interview with CNN's Fredricka Whitfield, billionaire democratic donor Tom Steyer says President Trump is right about the Chinese stealing intellectual property from the US for years, but that President Trump is not attacking the problem directly.","Dem donor: China tariffs are reckless, dangerous",,2018-04-08T21:29:33Z,1,0.3339285714,0.1714285714,0.9,-0.6
270,"When President Donald Trump expressed thanks via Twitter to New York City firefighters following Saturday’s deadly fire at Trump Tower, he mentioned the fire was “very confined” because the tower was a “well built building.”","Trump Tower 'well built,' but lacks sprinklers on upper floors, FDNY commissioner says",Dom Calicchio,2018-04-08T05:31:46Z,2,0.2909090909,0.0672727273,0,0
271,"Former FBI Director James Comey wrote in his unreleased book that President Donald Trump asked him to look into one of the most infamous allegations in a dossier of claims about Trump and Russia, the New York Post reported Thursday.",NYPost: Comey book alleges Trump asked him to disprove 'golden showers thing',"Eli Watkins, CNN",2018-04-12T21:48:04Z,1,0.4886363636,0.0340909091,0.5,0.3
272,"In an exclusive interview with CNN's Anderson Cooper, former Trump campaign adviser Roger Stone said he's suggested President Trump fire Deputy Attorney General Rod Rosenstein and dismiss Attorney General Jeff Sessions.",Stone: Trump should dismiss Sessions,,2018-04-12T20:26:40Z,1,0.3333333333,0.0333333333,0,0
273,"It was a photo-op meant to portray President Donald Trump at his most commanding: Flanked by senior military leaders, Trump was there to plot America's response to a suspected chemical gas attack in Syria.",Cohen raid ignites Trump's rage and sparks speculation,"Kevin Liptak, CNN White House Producer",2018-04-10T01:41:35Z,1,0.3,0.2,0,0
274,President Donald Trump dismissed on Wednesday the newly-released composite sketch of a man who adult film star Stormy Daniels says threatened her over her alleged affair with Trump more than a decade ago.,Trump calls Stormy Daniels suspect sketch 'a total con job',"Maegan Vazquez, CNN",2018-04-18T10:55:26Z,1,0.3,0.1666666667,0.75,0
275,"As the DNC files a lawsuit against Russia and the Trump campaign, Rosenstein has reportedly told Trump he is not the target of the Russia investigation; attorneys join 'Your World' with insight.",Trump campaign calls DNC lawsuit a 'sham',,2018-04-20T21:03:03Z,2,0,0,0.3,-0.2
276,"It's been a stormy start to spring so far for the Trump administration, with adult film star Stormy Daniels dominating headlines. But -- this being the Trump administration -- the Daniels news wasn't even the biggest news of the week.",It was a jam-packed news week -- even with President Trump away from DC,"Analysis by Saba Hamedy, CNN",2018-04-20T23:19:28Z,1,0.65,0.1,0,0
277,"Tuesday's State Dinner with France is a major moment of diplomacy for the Trump administration, but it's also the culmination of months of thoughtful work and attention to detail by first lady Melania Trump and her East Wing staff.",Melania Trump's East Wing team as they prepare for major diplomatic moment,"Betsy Klein, CNN",2018-04-21T18:44:20Z,1,0.4444444444,0.2375,0.5,0.0625
278,Attorney General Jeff Sessions kept quiet Wednesday about whether he would recuse himself from the criminal investigation into Trump attorney Michael Cohen and refused to speculate on resigning should President Trump choose to fire Deputy Attorney General Rod…,"Sessions stays mum on Rosenstein speculation, Cohen probe at Senate hearing",Brooke Singman,2018-04-25T21:21:44Z,2,0.4708333333,-0.075,0,0
279,Explaining the media disconnect on Trump.,"Trump: Negative stories, rising polls",,2018-04-09T07:51:42Z,2,0,0,0.4,-0.3
280,Is President's slam helping him sell books?,Comey's anti-Trump TV blitz,,2018-04-15T15:28:03Z,2,0,0,0,0
281,"Stormy Daniels' attorney Michael Avenatti says Donald Trump's personal lawyer, Michael Cohen, is going to fold on the President ""like a cheap deck of cards.""",Avenatti: Trump picked wrong 'fixer',,2018-04-11T01:47:24Z,1,0.5,0.2,0.9,-0.5
282,Speaker Paul Ryan's decision not to seek an 11th term this fall sends a chilling signal to Republicans hoping to keep control of the House in November while also illustrating the impossibilities of serving as an elected GOP leader in Donald Trump's Washington.,"Analysis: Ryan loses, Trump wins","Chris Cillizza, CNN Editor-at-large",2018-04-11T14:18:30Z,1,0.9,-0.5,0.15,0
283,"What Coulter and other new 'Never Trump-ers' seem to be only now recognizing is that the man who ran for president on the basis of slogans and false claims really had no firm idea about how he was going to advance what little agenda he claimed, writes Michael…",How Trump lost Ann Coulter,Michael D'Antonio,2018-04-06T22:25:49Z,1,0.5042207792,-0.0394480519,0,0
284,President Donald Trump continues to support Environmental Protection Agency Administrator Scott Pruitt amid a steady stream of negative headlines.,Trump praises Pruitt despite scandals,,2018-04-12T18:38:01Z,1,0.45,-0.0666666667,0,0
285,"Former FBI Director James Comey tells CNN's Jake Tapper that President Donald Trump has a ""bully-like"" behavior, but he doesn't hate the President.",Comey: I don't hate Trump,,2018-04-19T20:39:13Z,1,0.45,-0.4,0.9,-0.8
286,"President Donald Trump says that he is confident that Mike Pompeo will be confirmed as secretary of state and Sen. Rand Paul (R-KY), who has been a vocal critic of Pomopeo, won't let the president down and vote against the nomination.",Trump calls out Rand Paul,,2018-04-18T19:46:48Z,1,0.7074074074,0.2481481481,0,0
287,"In an interview with CNN's Alisyn Camerota, Sen. Bob Corker (R-TN) questions if President Trump will run for re-election in 2020 and says that he wants to see who else is running before deciding whether or not to back Trump.",Corker questions Trump 2020 bid,,2018-04-19T13:08:06Z,1,0.05,0.1,0,0
288,President Donald Trump continues to support Environmental Protection Agency Administrator Scott Pruitt amid a steady stream of negative headlines.,Trump praises Pruitt despite scandals,,2018-04-06T21:09:43Z,1,0.45,-0.0666666667,0,0
289,Targets Amazon while slamming Washington Post.,Trump hits Jeff Bezos' companies,,2018-04-08T15:44:57Z,2,0,0,0,0
290,President Donald Trump announced that he ordered strikes on the Syrian regime in response for a chemical weapon attack last weekend.,Hear Trump speak about Syria,,2018-04-14T01:11:11Z,1,0.0666666667,0,0,0
291,Tough talk from President Trump aimed at Bashar Assad in Syria following chemical attacks on civilians; Fox News contributor Marie Harf has insight on 'The Story.',Will Trump retaliate against Assad?,,2018-04-10T23:34:07Z,2,0.4666666667,-0.1944444444,0,0
292,"White House press secretary Sarah Sanders says that ""all options are on the table"" for confronting Russia, even if it means military engagement.",Reporters ask about Trump tweets,,2018-04-11T21:38:59Z,1,0.05,-0.05,0,0
293,"Brushing dirt off one's shoulders is very much a thing of the aughts. Brushing dandruff off someone else's shoulders, however, is so very 2018.",Trump brushes off Macron's 'dandruff',"Brenna Williams, CNN",2018-04-24T16:53:42Z,1,0.28,0.23,0,0
294,Donald Trump wants to fire someone.,"For Donald Trump, firing Rod Rosenstein might be just the thing","Analysis by Chris Cillizza, CNN Editor-at-large",2018-04-11T16:15:26Z,1,0.1,0.2,0,0
295,Leaks say Trump has come 'unglued.',Lewandowski on 'chaotic' president,,2018-04-15T15:46:23Z,2,0,0,0,0
296,For tone of anti-Trump attacks.,Press roughs up Comey,,2018-04-22T15:18:43Z,2,0,0,0,0
297,"During a campaign speech for Rick Saccone, the GOP candidate for Pennsylvania's 18th Congressional District, President Trump mocked what ""being presidential"" would sound like, after recounting criticism on how he speaks.",President Trump mocks being presidential,,2018-03-11T01:40:00Z,1,0.4,0.4,0,0
298,Author and radio host Mark Steyn reveals whom he would bet on in a fight between Joe Biden and President Trump. #Tucker,Steyn on Biden vs. Trump,,2018-03-23T00:47:57Z,2,0,0,0,0
299,"The Museum of the Bible has acquired one of the two Bibles President Trump used to take the oath of office in January 2017, joining other versions used by American presidents at the privately-funded Washington, D.C museum.",Trump Bible heads to museum,Caleb Parke,2018-03-19T17:33:00Z,2,0.1875,-0.0625,0,0
300,Why is President Trump tweeting about castrated sheep? CNN's Jeanne Moos reports on a flurry of typos.,President Trump tweets typos... again,,2018-03-22T00:11:46Z,1,0,0,0,0
301,"The Museum of the Bible has acquired one of the two Bibles President Trump used to take the oath of office in January 2017, joining other versions used by American presidents at the privately-funded Washington, D.C museum.",Trump Bible heads to museum,Caleb Parke,2018-03-19T17:33:00Z,2,0.1875,-0.0625,0,0
302,Aides urged against congratulating Russian.,Trump advice on Putin leaked,,2018-03-25T15:27:09Z,2,0,0,0,0
303,"President Donald Trump spoke to reporters Tuesday and tweeted at length about immigration and border security, saying the US ""basically"" has ""no border.""",Trump on immigration: Fact check,"Tal Kopan, CNN",2018-04-04T01:10:24Z,1,0,0,0,0
304,"President Donald Trump is continuing his attack against Amazon, accusing the company of scamming the US Postal Service.",Trump continues attack on Amazon,,2018-03-31T13:43:09Z,1,0,0,0,0
305,Fox Business Network's Deirdre Bolton on Beijing's face-saving response.,China retaliates to Trump tariffs,,2018-04-03T22:24:41Z,2,0,0,0,0
306,"Lithuanian President Dalia Grybauskaitė joked during a joint press conference that President Trump offers leadership to NATO — albeit ""unpredictable leadership.""",Lithuanian president jokes to Trump,,2018-04-03T20:05:54Z,1,0.5,-0.0333333333,0,0
307,Trump team accused of legal threats.,Press touts porn star's suit,,2018-03-11T15:43:20Z,2,0.2,0.2,0,0
308,Media slam President Trump over Amazon comments.,Breaking down the Amazon-USPS relationship,,2018-04-02T12:55:36Z,2,0,0,0.2888888889,-0.1555555556
309,President Trump makes remarks about DACA.,Trump on DACA: Democrats have really let them down,,2018-04-02T15:29:02Z,2,0,0,0.2444444444,0.0222222222
310,"President Donald Trump announced the slogan for his 2020 presidential campaign, since ""Make America Great Again"" will be outdated.",Trump reveals 2020 campaign slogan,,2018-03-11T06:22:46Z,1,0.6916666667,0.2,0,0
311,"Rep. Ruben Gallego (D-AZ) says he thinks President Trump's decision to sign controversial tariffs on aluminum and steel are a result of his lack of convictions and claims Trump is ""acting like a teenager.""",Lawmaker: Trump acting like teen,,2018-03-08T23:41:37Z,1,0.475,0.275,0,0
312,The White House deals with Stormy Daniels fallout. Republicans are criticizing Trump's tariffs. And the President meets with video game industry leaders. Here's the latest.,President Trump today: Live updates,"Meg Wagner, Brian Ries and Amanda Wills, CNN",2018-03-08T14:59:51Z,1,0.4333333333,0.0333333333,0.5,0.1363636364
313,Accused of retreat under NRA pressure.,Pundits hit Trump on guns,,2018-03-18T15:27:48Z,2,0,0,0,0
314,Ask around about Donald Trump's time as an Atlantic City mogul and the stories are legion: A-larger-than-life figure whose casinos were all about him. Some mistakes he would forgive. But according to one story -- maybe urban legend -- there was one unforgivab…,"Trump flexes muscles, follows instinct","Gloria Borger, CNN Chief Political Analyst",2018-03-13T23:31:50Z,1,0,0,0,0
315,President says he'll meet with his Russian counterpart soon; reaction and analysis from the 'Special Report' All-Stars.,Russia relations: Trump congratulates Putin,,2018-03-20T23:01:27Z,2,0.2857142857,0.1785714286,0,0
316,"President Donald Trump is openly wondering what happened to the collection of officials he described only five months ago as the ""finest group of people ever assembled"" as members of his Cabinet find themselves embroiled in ethics scandals or woefully at odds…",Trump eyes purging Cabinet 'deadweight',"Kevin Liptak and Rene Marsh, CNN",2018-03-14T15:58:54Z,1,0.75,0,0,0
317,President Donald Trump fuels speculation of more White House turnover as he aims to get closer to having the cabinet that he wants. CNN's Jeff Zeleny reports.,Source: Trump enjoying staff speculation,,2018-03-16T21:46:15Z,1,0.2,0.2333333333,0.6,0.5
